{"HitboxCounter":2,"Hitboxes":[{"ID":"hitbox_0","cX":374.0,"cY":205.0,"h":0.9100000262260437,"iH":91.0,"iW":88.0,"iX":75.0,"iY":52.0,"oX":299.0,"oY":153.0,"w":0.8799999952316284,"x":-0.33000001311302185,"y":0.8050000071525574},{"ID":"hitbox_1","cX":443.0,"cY":299.0,"h":1.0199999809265137,"iH":102.0,"iW":84.0,"iX":144.0,"iY":146.0,"oX":299.0,"oY":153.0,"w":0.8399999737739563,"x":0.3400000035762787,"y":-0.1899999976158142}],"HurtboxCounter":2,"Hurtboxes":[{"ID":"hurtbox_0","cX":469.0,"cY":203.0,"h":0.8700000047683716,"iH":87.0,"iW":74.0,"iX":170.0,"iY":50.0,"oX":299.0,"oY":153.0,"w":0.7400000095367432,"x":0.550000011920929,"y":0.8450000286102295},{"ID":"hurtbox_1","cX":375.0,"cY":347.0,"h":0.9599999785423279,"iH":96.0,"iW":57.0,"iX":76.0,"iY":194.0,"oX":299.0,"oY":153.0,"w":0.5699999928474426,"x":-0.4749999940395355,"y":-0.6399999856948853}]}
