{"Hitboxes":[{"h":0.44999998807907104,"outlierData":"tester","w":0.7099999785423279,"x":-0.33500000834465027,"y":1.0449999570846558},{"h":0.6200000047683716,"outlierData":"tester","w":0.6700000166893005,"x":0.16500000655651093,"y":0.25999999046325684},{"h":0.6200000047683716,"outlierData":"tester","w":0.6899999976158142,"x":-0.3449999988079071,"y":-0.6399999856948853}],"Hurtboxes":[]}
