{"Hitboxes":[{"h":1.440000057220459,"w":1.0700000524520874,"x":0.36500000953674316,"y":0.6000000238418579},{"h":1.850000023841858,"w":1.6799999475479126,"x":0.6700000166893005,"y":-0.8450000286102295}],"Hurtboxes":[{"h":1.1399999856948853,"w":1.1200000047683716,"x":-0.9100000262260437,"y":0.7699999809265137},{"h":1.3700000047683716,"w":1.100000023841858,"x":-0.5799999833106995,"y":-0.3050000071525574}]}
