{"Hitboxes":[{"h":0.8799999952316284,"w":0.9200000166893005,"x":-0.7099999785423279,"y":1.2799999713897705},{"h":1.190000057220459,"w":1.1200000047683716,"x":0.949999988079071,"y":-1.1749999523162842}],"Hurtboxes":[{"h":0.7799999713897705,"w":0.5600000023841858,"x":0.2800000011920929,"y":0.36000001430511475},{"h":0.5899999737739563,"w":0.4699999988079071,"x":-0.45500001311302185,"y":-0.5049999952316284},{"h":0.6200000047683716,"w":0.8899999856948853,"x":0.5149999856948853,"y":1.2599999904632568}]}
